model,batch_size,device,num_devices,num_devices_per_node,disable_ib,disable_nccl_p2p,img_per_sec_mean,img_per_sec_conf,total_img_per_sec,total_img_per_sec_conf
ResNet50,32,GPU,8,1,0,0,101.35522148068986,2.9240334280422178,810.8417718455189,23.392267424337742
ResNet50,32,GPU,8,1,0,0,102.47188886191525,3.4285884780991442,819.775110895322,27.428707824793154
ResNet50,32,GPU,8,1,0,0,100.56207900957165,2.687045908086313,804.4966320765732,21.496367264690505
ResNet50,32,GPU,8,1,0,0,100.82739493875945,2.8159357070762923,806.6191595100756,22.527485656610338
ResNet50,32,GPU,8,1,0,0,101.5686654923835,3.0432855612086773,812.549323939068,24.34628448966942
ResNet50,32,GPU,8,1,0,1,101.63280571456475,2.443556309748012,813.062445716518,19.548450477984098
ResNet50,32,GPU,8,1,0,1,100.71464422275248,3.553862208426746,805.7171537820199,28.43089766741397
ResNet50,32,GPU,8,1,0,1,101.26813641187059,1.4426402537267877,810.1450912949647,11.541122029814302
ResNet50,32,GPU,8,1,0,1,101.31060059801773,3.4410430325595978,810.4848047841418,27.528344260476782
ResNet50,32,GPU,8,1,0,1,102.39932183465888,3.3421309421104604,819.194574677271,26.737047536883683
ResNet50,32,GPU,8,1,1,0,92.58477192322053,4.116509929174534,740.6781753857642,32.932079433396275
ResNet50,32,GPU,8,1,1,0,92.67203344129605,5.613558095647357,741.3762675303684,44.908464765178856
ResNet50,32,GPU,8,1,1,0,89.18524502354934,3.968841374202961,713.4819601883947,31.750730993623687
ResNet50,32,GPU,8,1,1,0,93.45719032303343,3.307177391377693,747.6575225842674,26.457419131021545
ResNet50,32,GPU,8,1,1,0,92.65199159035322,4.499186803421918,741.2159327228258,35.993494427375346
ResNet50,32,GPU,8,1,1,1,92.85915782270669,3.7774334069250397,742.8732625816535,30.219467255400318
ResNet50,32,GPU,8,1,1,1,93.7674657723885,3.8991224071448785,750.139726179108,31.192979257159028
ResNet50,32,GPU,8,1,1,1,92.15707216181778,4.424160539940896,737.2565772945422,35.39328431952717
ResNet50,32,GPU,8,1,1,1,94.18510504942472,3.564775650872433,753.4808403953978,28.518205206979463
ResNet50,32,GPU,8,1,1,1,93.46196669563196,2.82110498910071,747.6957335650557,22.56883991280568
ResNet50,32,GPU,2,1,0,0,106.45973131234796,1.6489976260616857,212.9194626246959,3.2979952521233713
ResNet50,32,GPU,4,1,0,0,102.3448734945681,2.4079754934315996,409.3794939782724,9.631901973726398
ResNet50,32,GPU,2,1,0,0,106.24331034284744,1.2746729392985139,212.48662068569487,2.5493458785970278
ResNet50,32,GPU,4,1,0,0,102.67631375651713,3.1075884686019366,410.7052550260685,12.430353874407746
ResNet50,32,GPU,2,1,0,0,106.25080094897415,1.5590596372173344,212.5016018979483,3.118119274434669
ResNet50,32,GPU,4,1,0,0,102.80656600720624,2.903391641076934,411.22626402882497,11.613566564307735
ResNet50,32,GPU,2,1,0,0,104.71542631848953,1.8014168027887745,209.43085263697907,3.602833605577549
ResNet50,32,GPU,4,1,0,0,102.81289129102943,2.6862470970783185,411.2515651641177,10.744988388313274
ResNet50,32,GPU,2,1,0,0,105.90180273992094,2.2440038772498134,211.80360547984188,4.488007754499627
ResNet50,32,GPU,4,1,0,0,103.53037349382889,3.1538457686350956,414.12149397531556,12.615383074540382
ResNet50,32,GPU,1,1,0,0,119.87742861608179,0.9680606344707926,119.87742861608179,0.9680606344707926
ResNet50,32,GPU,1,1,0,0,120.69283995977544,1.3391138554974005,120.69283995977544,1.3391138554974005
ResNet50,32,GPU,2,1,1,0,100.81382850104895,2.1170136976184857,201.6276570020979,4.234027395236971
ResNet50,32,GPU,4,1,0,1,102.69226018112658,3.1963670823735337,410.76904072450634,12.785468329494135
ResNet50,32,GPU,1,1,0,0,120.62184241123266,1.0546324614826665,120.62184241123266,1.0546324614826665
ResNet50,32,GPU,2,1,1,0,101.47260368833749,3.6333046477519737,202.94520737667497,7.266609295503947
ResNet50,32,GPU,4,1,0,1,102.93725926753223,2.674244724364309,411.7490370701289,10.696978897457235
ResNet50,32,GPU,1,1,0,0,119.17951267630352,0.9751211599141033,119.17951267630352,0.9751211599141033
ResNet50,32,GPU,2,1,1,0,101.3922985969667,2.1145878430559617,202.7845971939334,4.229175686111923
ResNet50,32,GPU,4,1,0,1,102.27754881272236,2.952335745862585,409.11019525088943,11.80934298345034
ResNet50,32,GPU,1,1,0,0,119.03831213134045,0.943675642955549,119.03831213134045,0.943675642955549
ResNet50,32,GPU,2,1,1,0,101.21837953940658,1.6507170457743128,202.43675907881317,3.3014340915486255
ResNet50,32,GPU,4,1,0,1,103.13254452140241,2.3977552620801377,412.53017808560963,9.59102104832055
ResNet50,32,GPU,1,1,1,0,120.43432247399133,0.840660000797942,120.43432247399133,0.840660000797942
ResNet50,32,GPU,2,1,1,0,101.19917737101319,1.8481185435165748,202.39835474202638,3.6962370870331496
ResNet50,32,GPU,1,1,1,0,120.26462439923512,0.9880754873855035,120.26462439923512,0.9880754873855035
ResNet50,32,GPU,4,1,0,1,102.6903154719951,2.4882806949609475,410.7612618879804,9.95312277984379
ResNet50,32,GPU,1,1,1,0,120.79661510954509,1.088549550829658,120.79661510954509,1.088549550829658
ResNet50,32,GPU,2,1,0,1,105.8031898451014,2.151454613149979,211.6063796902028,4.302909226299958
ResNet50,32,GPU,4,1,1,0,95.77497016849331,4.008720523241873,383.09988067397325,16.034882092967493
ResNet50,32,GPU,1,1,1,0,119.3809374241991,1.1125184001554982,119.3809374241991,1.1125184001554982
ResNet50,32,GPU,2,1,0,1,105.67228424874338,1.7914727517976297,211.34456849748676,3.5829455035952593
ResNet50,32,GPU,4,1,1,0,95.2472114799194,2.5856794688385727,380.9888459196776,10.34271787535429
ResNet50,32,GPU,1,1,1,0,119.275900358761,1.097641702076136,119.275900358761,1.097641702076136
ResNet50,32,GPU,2,1,0,1,106.12868961230944,1.583902659187971,212.2573792246189,3.167805318375942
ResNet50,32,GPU,4,1,1,0,95.62745947624622,4.406210939045708,382.50983790498486,17.62484375618283
ResNet50,32,GPU,1,1,0,1,119.58559562764265,1.058443147058077,119.58559562764265,1.058443147058077
ResNet50,32,GPU,2,1,0,1,105.64590643017004,2.3233997974450222,211.2918128603401,4.6467995948900445
ResNet50,32,GPU,1,1,0,1,119.36326828900272,0.9189567296443075,119.36326828900272,0.9189567296443075
ResNet50,32,GPU,4,1,1,0,96.35321345616997,3.3701903880703696,385.41285382467987,13.480761552281479
ResNet50,32,GPU,2,1,0,1,106.34709555558227,2.2120397633251114,212.69419111116454,4.424079526650223
ResNet50,32,GPU,1,1,0,1,119.50754682473546,0.7597651924574467,119.50754682473546,0.7597651924574467
ResNet50,32,GPU,4,1,1,0,95.28584822716081,3.764696134045746,381.14339290864325,15.058784536182984
ResNet50,32,GPU,1,1,0,1,119.37423041503075,1.0486603810640245,119.37423041503075,1.0486603810640245
ResNet50,32,GPU,2,1,1,1,100.98203774103344,1.6040964046002428,201.96407548206687,3.2081928092004857
ResNet50,32,GPU,4,1,1,1,94.10090885049252,3.0169322934373186,376.40363540197006,12.067729173749274
ResNet50,32,GPU,1,1,0,1,120.83578463965077,0.9495800588309159,120.83578463965077,0.9495800588309159
ResNet50,32,GPU,2,1,1,1,100.93054803570446,2.669754912031108,201.86109607140892,5.339509824062216
ResNet50,32,GPU,4,1,1,1,96.25051875175336,4.830241920594732,385.00207500701345,19.320967682378928
ResNet50,32,GPU,1,1,1,1,120.68157733648611,0.9803643614520889,120.68157733648611,0.9803643614520889
ResNet50,32,GPU,2,1,1,1,100.21244012920825,2.8671905994200046,200.4248802584165,5.734381198840009
ResNet50,32,GPU,1,1,1,1,119.2988101633787,1.0604492690884988,119.2988101633787,1.0604492690884988
ResNet50,32,GPU,4,1,1,1,95.84590637706238,1.9784594206684525,383.3836255082495,7.91383768267381
ResNet50,32,GPU,2,1,1,1,101.19441206388203,2.5641673632678508,202.38882412776405,5.1283347265357015
ResNet50,32,GPU,1,1,1,1,119.49669180711342,1.0931878213411803,119.49669180711342,1.0931878213411803
ResNet50,32,GPU,4,1,1,1,95.91819610505746,4.123884063033855,383.67278442022985,16.49553625213542
ResNet50,32,GPU,2,1,1,1,100.7174756954433,2.070665294775182,201.4349513908866,4.141330589550364
ResNet50,32,GPU,1,1,1,1,120.74943233031858,0.942477217536411,120.74943233031858,0.942477217536411
ResNet50,32,GPU,4,1,1,1,95.64491027205196,3.0693550372890837,382.57964108820784,12.277420149156335
ResNet50,32,GPU,1,1,1,1,120.65596834463445,0.9272449371183745,120.65596834463445,0.9272449371183745
ResNet50,32,GPU,16,1,0,0,100.84064460852234,3.152691998923892,1613.4503137363574,50.44307198278227
ResNet50,32,GPU,16,1,0,0,100.17941588544178,3.586431170256816,1602.8706541670686,57.382898724109054
ResNet50,32,GPU,16,1,0,0,101.67887951156808,3.4304702221145686,1626.8620721850893,54.8875235538331
ResNet50,32,GPU,16,1,0,0,100.84397818025256,4.258162590582915,1613.503650884041,68.13060144932663
ResNet50,32,GPU,16,1,0,0,99.61756332821264,2.6679550029770054,1593.8810132514022,42.687280047632086
ResNet50,32,GPU,16,1,1,0,92.58574196188121,4.100260177356172,1481.3718713900994,65.60416283769875
ResNet50,32,GPU,16,1,1,0,92.1939870394533,3.142228061808473,1475.1037926312529,50.275648988935565
ResNet50,32,GPU,16,1,1,0,92.28501890350006,4.1582418089847035,1476.560302456001,66.53186894375526
ResNet50,32,GPU,16,1,1,0,92.10732444773146,3.1996046575744077,1473.7171911637033,51.19367452119052
ResNet50,32,GPU,16,1,1,0,93.01123086420537,4.5600570874679995,1488.179693827286,72.96091339948799
ResNet50,32,GPU,16,1,0,1,100.14646232872641,3.0013128041202575,1602.3433972596226,48.02100486592412
ResNet50,32,GPU,16,1,0,1,100.22232646590922,4.89571788162422,1603.5572234545475,78.33148610598752
ResNet50,32,GPU,16,1,0,1,100.1380405889982,3.1230554793111276,1602.208649423971,49.96888766897804
ResNet50,32,GPU,16,1,0,1,100.0896801688833,1.9281326753371357,1601.4348827021329,30.85012280539417
ResNet50,32,GPU,16,1,0,1,98.11928381901316,3.1085179531851415,1569.9085411042106,49.73628725096226
ResNet50,32,GPU,16,1,1,1,92.28332549428553,4.126731054216484,1476.5332079085686,66.02769686746375
ResNet50,32,GPU,16,1,1,1,92.49393872851479,3.3428208962304904,1479.9030196562367,53.485134339687846
ResNet50,32,GPU,16,1,1,1,91.71499062465621,3.7630192602477472,1467.4398499944994,60.208308163963956
ResNet50,32,GPU,16,1,1,1,92.37294549318727,3.8685434434091643,1477.9671278909964,61.89669509454663
ResNet50,32,GPU,16,1,1,1,92.79645086405547,4.109852791457002,1484.7432138248876,65.75764466331204
